Source,Target,Type,Weight,edge_name,edge_color,travel_seconds,longitude_Source,latitude_Source,longitude_Target,latitude_Target,distance_meters,speed_ms
39,50,Undirected,0.004048582995951417,2,#ED1C24,247,-3.70557,40.430009999999996,-3.7074199999999995,40.42484,595.1695167213638,2.4095931851067363
185,186,Undirected,0.001876172607879925,9,#A60084,533,-3.47745,40.31902,-3.44752,40.303670000000004,3062.3757203955797,5.745545441642738
210,205,Undirected,0.003154574132492113,12,#A49800,317,-3.8212,40.34969,-3.8121099999999997,40.345240000000004,916.8352682805719,2.8922248210743593
213,214,Undirected,0.002857142857142857,12,#A49800,350,-3.87218,40.33512,-3.86354,40.3285,1038.959886229321,2.96845681779806
103,202,Undirected,0.003322259136212625,10,#005AA9,301,-3.7610099999999997,40.403240000000004,-3.7746199999999996,40.39698,1348.3860275285208,4.479687799098076
73,72,Undirected,0.0038314176245210726,4,#B65518,261,-3.6452400000000003,40.477109999999996,-3.6395800000000005,40.474470000000004,562.4054281572227,2.154810069567903
275,276,Undirected,0.002583979328165375,10,#005AA9,387,-3.69575,40.50525,-3.6694400000000003,40.50833,2256.090029409819,5.829689998474985
292,296,Undirected,0.002577319587628866,7,#EE7518,388,-3.5271800000000004,40.417770000000004,-3.53453,40.417609999999996,624.0568553970747,1.6083939572089556
53,52,Undirected,0.004878048780487805,3,#FFD000,205,-3.71945,40.43502,-3.71596,40.430659999999996,567.533392929798,2.768455575267307
16,17,Undirected,0.003278688524590164,1,#2DBEF0,305,-3.6893800000000003,40.40659,-3.6809800000000004,40.40445,751.6014078071349,2.4642669108430653
269,270,Undirected,0.0033670033670033673,3,#FFD000,297,-3.6941800000000002,40.36999,-3.69363,40.359590000000004,1155.7776644105545,3.8915072875776247
18,111,Directed,0.0037878787878787884,6,#98989B,264,-3.6751400000000003,40.40126,-3.67814,40.395379999999996,700.8432629289852,2.654709329276459
111,18,Directed,0.003584229390681004,6,#98989B,279,-3.67814,40.395379999999996,-3.6751400000000003,40.40126,700.8432629289852,2.5119830212508427
225,224,Undirected,0.0028985507246376808,12,#A49800,345,-3.73664,40.30081,-3.7457599999999998,40.293240000000004,1143.6009950744017,3.31478549296928
284,283,Undirected,0.0032573289902280127,10,#005AA9,307,-3.61145,40.55977,-3.6234,40.55037,1453.9642938698953,4.736040045178812
30,62,Undirected,0.004149377593360996,4,#B65518,241,-3.67591,40.42455,-3.67541,40.42917,514.769572745834,2.1359733308955766
67,66,Undirected,0.003968253968253968,4,#B65518,252,-3.6611800000000003,40.453540000000004,-3.66791,40.44825,819.1405379171723,3.250557690147509
41,143,Undirected,0.004464285714285714,7,#EE7518,224,-3.70433,40.43841,-3.69925,40.43838,431.02677249794345,1.9242266629372475
34,12,Undirected,0.005,2,#ED1C24,200,-3.69925,40.41805,-3.7032599999999998,40.41688,364.2898155333707,1.8214490776668535
49,36,Undirected,0.004201680672268907,5,#8FD400,238,-3.70566,40.42014,-3.7094199999999997,40.41809,391.98159794798846,1.6469815039831448
74,75,Undirected,0.003194888178913738,5,#8FD400,313,-3.60816,40.44942,-3.61699,40.443740000000005,979.262289139215,3.128633511626885
69,70,Undirected,0.0027855153203342623,4,#B65518,359,-3.6458199999999996,40.45945,-3.6356,40.463809999999995,992.863412074402,2.765636245332596
32,31,Undirected,0.0043859649122807015,2,#ED1C24,228,-3.68624,40.42031,-3.6801199999999996,40.422940000000004,595.8576983494155,2.613410957672875
280,279,Undirected,0.0036630036630036634,10,#005AA9,273,-3.6373800000000003,40.54102,-3.63556,40.53196,1017.8149049665901,3.728259725152345
96,105,Directed,0.0021598272138228947,6,#98989B,463,-3.7313199999999997,40.388459999999995,-3.74099,40.3927,946.450225408382,2.044168953365836
105,96,Directed,0.0020920502092050207,6,#98989B,478,-3.74099,40.3927,-3.7313199999999997,40.388459999999995,946.450225408382,1.9800213920677447
212,213,Undirected,0.0021321961620469087,12,#A49800,469,-3.84934,40.345890000000004,-3.87218,40.33512,2279.566278076658,4.860482469246605
6,5,Undirected,0.0038022813688212928,1,#2DBEF0,263,-3.7039699999999995,40.44697,-3.7033099999999997,40.45033,377.2829569512162,1.4345359579894152
64,83,Undirected,0.0036101083032490976,9,#A60084,277,-3.6766400000000004,40.43803,-3.68258,40.43278,770.6360772819181,2.7820797013787657
28,80,Undirected,0.00373134328358209,5,#8FD400,268,-3.6636599999999997,40.43088,-3.6575699999999998,40.43189,528.7916286794416,1.9731030920874686
127,197,Undirected,0.0038910505836575885,10,#005AA9,257,-3.7203199999999996,40.42107,-3.7112,40.42342,816.7806812373578,3.1781349464488633
6,41,Undirected,0.003937007874015748,2,#ED1C24,254,-3.7039699999999995,40.44697,-3.70433,40.43841,951.0199440660884,3.7441730081342066
124,123,Directed,0.004132231404958678,6,#98989B,242,-3.72678,40.44356,-3.7194300000000005,40.44644,700.7791749570789,2.895781714698673
123,124,Directed,0.0038910505836575885,6,#98989B,257,-3.7194300000000005,40.44644,-3.72678,40.44356,700.7791749570789,2.7267672177318247
39,40,Undirected,0.005235602094240838,2,#ED1C24,191,-3.70557,40.430009999999996,-3.70433,40.43322,371.6531023171588,1.945827760822821
203,257,Undirected,0.0037878787878787884,10,#005AA9,264,-3.79152,40.37771,-3.7839199999999997,40.38364,922.010470514688,3.4924639034647273
260,322,Undirected,0.0033333333333333327,2,#ED1C24,300,-3.6505199999999998,40.42662,-3.6391400000000003,40.42361,1021.9334855221425,3.406444951740475
225,226,Undirected,0.002808988764044944,12,#A49800,356,-3.73664,40.30081,-3.73403,40.30993,1036.7118556251078,2.9121119540031115
268,269,Undirected,0.0043859649122807015,3,#FFD000,228,-3.69585,40.375029999999995,-3.6941800000000002,40.36999,577.3426745715802,2.532204713033247
260,28,Undirected,0.002808988764044944,2,#ED1C24,356,-3.6505199999999998,40.42662,-3.6636599999999997,40.43088,1211.2193319256332,3.402301494173127
262,261,Undirected,0.002617801047120419,1,#2DBEF0,382,-3.67637,40.476820000000004,-3.6825900000000003,40.47203,749.0838997332221,1.9609526171026757
108,107,Directed,0.00411522633744856,6,#98989B,243,-3.7183699999999997,40.3846,-3.7231300000000003,40.3869,478.10830699546216,1.9675238971006672
107,108,Directed,0.0038759689922480615,6,#98989B,258,-3.7231300000000003,40.3869,-3.7183699999999997,40.3846,478.10830699546216,1.8531329728506285
180,179,Undirected,0.0027397260273972607,9,#A60084,365,-3.60886,40.40422,-3.6215599999999997,40.40005,1173.3459762496693,3.2146465102730666
277,276,Undirected,0.0036630036630036634,10,#005AA9,273,-3.6627699999999996,40.51553,-3.6694400000000003,40.50833,979.1821680493719,3.586747868312717
40,41,Undirected,0.0039215686274509795,2,#ED1C24,255,-3.70433,40.43322,-3.70433,40.43841,576.3132696020884,2.2600520376552486
65,66,Undirected,0.003472222222222222,4,#B65518,288,-3.6748199999999995,40.44419,-3.66791,40.44825,739.5255224767766,2.567796953044363
291,292,Undirected,0.002457002457002457,7,#EE7518,407,-3.52549,40.42295,-3.5271800000000004,40.417770000000004,592.8134411101499,1.4565440813517196
84,83,Undirected,0.0037878787878787884,5,#8FD400,264,-3.68954,40.43316,-3.68258,40.43278,592.0759892592291,2.242712080527383
30,29,Undirected,0.004132231404958678,2,#ED1C24,242,-3.67591,40.42455,-3.66926,40.4279,675.898839369363,2.7929704106172024
27,26,Undirected,0.003134796238244514,1,#2DBEF0,319,-3.61884,40.37238,-3.6213,40.3796,828.4943643258234,2.597161016695371
17,18,Undirected,0.0035971223021582736,1,#2DBEF0,278,-3.6809800000000004,40.40445,-3.6751400000000003,40.40126,609.3033799734543,2.191738776882929
262,263,Undirected,0.002577319587628866,1,#2DBEF0,388,-3.67637,40.476820000000004,-3.6668,40.480140000000006,891.3051614661408,2.297178251201394
191,192,Undirected,0.00411522633744856,10,#005AA9,243,-3.68985,40.458420000000004,-3.69038,40.45159,759.7576244141803,3.1265745860665857
142,64,Undirected,0.0033333333333333327,7,#EE7518,300,-3.6914800000000003,40.43825,-3.6766400000000004,40.43803,1259.3453208656122,4.197817736218707
13,12,Undirected,0.0033333333333333327,1,#2DBEF0,300,-3.70466,40.41235,-3.7032599999999998,40.41688,516.867094181405,1.7228903139380167
6,7,Undirected,0.003636363636363637,1,#2DBEF0,275,-3.7039699999999995,40.44697,-3.7013300000000005,40.44198,597.6588029736533,2.173304738086012
274,187,Undirected,0.004444444444444445,10,#005AA9,225,-3.6952,40.5012,-3.6928300000000003,40.495090000000005,707.6003366595168,3.144890385153408
220,221,Undirected,0.003215434083601286,12,#A49800,311,-3.80632,40.28518,-3.79891,40.28268,688.5769204804649,2.2140736992940995
58,57,Undirected,0.0047393364928909965,4,#B65518,211,-3.69101,40.42542,-3.6959400000000002,40.42772,490.15693842369143,2.323018665515125
97,98,Undirected,0.003861003861003861,5,#8FD400,259,-3.73982,40.38885,-3.7448699999999997,40.38783,443.4930098817684,1.7123282234817312
148,147,Undirected,0.0031847133757961785,7,#EE7518,314,-3.7159699999999996,40.46482,-3.71239,40.45648,974.6112746931249,3.103857562716958
223,222,Undirected,0.0020833333333333333,12,#A49800,480,-3.75682,40.288740000000004,-3.7869699999999997,40.286840000000005,2572.449756345549,5.359270325719893
235,234,Undirected,0.002958579881656805,12,#A49800,338,-3.7715400000000003,40.328990000000005,-3.7679699999999996,40.32177,857.2055817710336,2.536111188671697
28,63,Undirected,0.0033670033670033673,5,#8FD400,297,-3.6636599999999997,40.43088,-3.67495,40.43468,1046.7968711516196,3.5245685897360928
75,76,Undirected,0.0035714285714285718,5,#8FD400,280,-3.61699,40.443740000000005,-3.62684,40.44085,895.1776796951264,3.1970631417683086
293,294,Undirected,0.004,1,#2DBEF0,250,-3.61346,40.37019,-3.59953,40.36323,1413.201460788973,5.652805843155892
34,33,Undirected,0.004608294930875576,2,#ED1C24,217,-3.69925,40.41805,-3.6949699999999996,40.41922,385.77893555863,1.77778311317341
173,31,Undirected,0.0034965034965034965,9,#A60084,286,-3.67858,40.41839,-3.6801199999999996,40.422940000000004,521.8748511758218,1.824737241873503
152,151,Undirected,0.004016064257028112,7,#EE7518,249,-3.72305,40.48502,-3.7184,40.4801,673.745985224279,2.705807169575418
13,14,Undirected,0.003690036900369004,1,#2DBEF0,271,-3.70466,40.41235,-3.6993699999999996,40.412459999999996,449.1703027506516,1.6574549916998214
129,128,Directed,0.003484320557491289,6,#98989B,287,-3.73894,40.409929999999996,-3.72724,40.4139,1086.5286878602944,3.78581424341566
128,129,Directed,0.0033112582781456954,6,#98989B,302,-3.72724,40.4139,-3.73894,40.409929999999996,1086.5286878602944,3.5977771121201805
256,305,Undirected,0.0021978021978021982,11,#009B3A,455,-3.7569,40.36422,-3.7778300000000002,40.35795,1909.3101594701338,4.196286064769525
212,211,Undirected,0.002617801047120419,12,#A49800,382,-3.84934,40.345890000000004,-3.83178,40.35008,1562.7429499543648,4.0909501307705884
1,191,Undirected,0.003937007874015748,10,#005AA9,254,-3.68917,40.4669,-3.68985,40.458420000000004,943.4137425229732,3.714227332767611
45,44,Undirected,0.004587155963302753,3,#FFD000,218,-3.69423,40.40307,-3.6942,40.3999,352.01348681422144,1.6147407652028507
132,286,Undirected,0.004587155963302753,7,#EE7518,218,-3.60788,40.432990000000004,-3.60015,40.43339,657.4066256457171,3.015626723145491
255,254,Undirected,0.003048780487804878,11,#009B3A,328,-3.7519099999999996,40.372,-3.7391,40.3736,1102.3350857451735,3.3607777004426023
166,165,Undirected,0.0035714285714285718,9,#A60084,280,-3.67579,40.463,-3.6791699999999996,40.46763,588.6483982354289,2.1023157079836747
27,293,Undirected,0.003205128205128205,1,#2DBEF0,312,-3.61884,40.37238,-3.61346,40.37019,517.6041625448868,1.6589877004643807
15,16,Undirected,0.00411522633744856,1,#2DBEF0,243,-3.6924900000000003,40.40885,-3.6893800000000003,40.40659,364.2374390880198,1.4989195024198345
67,68,Undirected,0.0036630036630036634,4,#B65518,273,-3.6611800000000003,40.453540000000004,-3.6561800000000004,40.45583,494.51403423264776,1.8114067188009075
36,90,Undirected,0.0035714285714285718,5,#8FD400,280,-3.7094199999999997,40.41809,-3.70816,40.41128,763.7247130761739,2.727588260986335
138,139,Undirected,0.0035714285714285718,7,#EE7518,280,-3.6519999999999997,40.4391,-3.6629699999999996,40.43945,931.5514134659003,3.3269693338067867
220,219,Undirected,0.0032258064516129032,12,#A49800,310,-3.80632,40.28518,-3.81642,40.285759999999996,861.2869135537908,2.778344882431583
93,94,Undirected,0.003584229390681004,5,#8FD400,279,-3.71138,40.4026,-3.71596,40.39736,699.8129790266568,2.508290247407372
223,224,Undirected,0.0030303030303030303,12,#A49800,330,-3.75682,40.288740000000004,-3.7457599999999998,40.293240000000004,1064.9407570019512,3.227093203036216
197,10,Undirected,0.004366812227074236,10,#005AA9,229,-3.7112,40.42342,-3.7011,40.426190000000005,910.6303343864005,3.9765516785432333
86,11,Undirected,0.0041841004184100415,5,#8FD400,239,-3.6976199999999997,40.42293,-3.7018,40.42001,480.60029649149493,2.010879901638054
64,63,Undirected,0.004291845493562232,4,#B65518,233,-3.6766400000000004,40.43803,-3.67495,40.43468,398.67423626663435,1.7110482243203191
168,169,Undirected,0.003636363636363637,9,#A60084,275,-3.6773800000000003,40.45145,-3.67821,40.44427,800.3936640687718,2.9105224147955338
49,197,Undirected,0.004366812227074236,3,#FFD000,229,-3.70566,40.42014,-3.7112,40.42342,594.7312789837421,2.5970798208897032
271,270,Undirected,0.003215434083601286,3,#FFD000,311,-3.69265,40.35089,-3.69363,40.359590000000004,969.6412103570852,3.1178173966465765
3,2,Undirected,0.0035460992907801413,1,#2DBEF0,282,-3.69825,40.46055,-3.69506,40.464420000000004,507.8166274893339,1.8007681825862905
63,29,Directed,0.004,6,#98989B,250,-3.67495,40.43468,-3.66926,40.4279,894.3882401348233,3.577552960539293
29,63,Directed,0.0037735849056603774,6,#98989B,265,-3.66926,40.4279,-3.67495,40.43468,894.3882401348233,3.375049962772918
79,78,Undirected,0.004098360655737704,5,#8FD400,244,-3.64736,40.43358,-3.6428199999999995,40.43569,450.8774158575369,1.847858261711217
4,5,Undirected,0.0035971223021582736,1,#2DBEF0,278,-3.7030199999999995,40.45429,-3.7033099999999997,40.45033,440.41918154112517,1.5842416602198748
19,20,Undirected,0.00373134328358209,1,#2DBEF0,268,-3.66906,40.39819,-3.66414,40.395540000000004,510.93990226902577,1.9064921726456185
156,166,Undirected,0.0036496350364963507,9,#A60084,274,-3.6768199999999998,40.456340000000004,-3.67579,40.463,744.6917952232664,2.7178532672381985
326,161,Undirected,0.003125,9,#A60084,320,-3.71634,40.4911,-3.7075099999999996,40.48466,1035.3040859607777,3.23532526862743
256,255,Undirected,0.0032679738562091504,11,#009B3A,306,-3.7569,40.36422,-3.7519099999999996,40.372,962.264562163389,3.1446554319065
142,57,Undirected,0.0035211267605633804,10,#005AA9,284,-3.6914800000000003,40.43825,-3.6959400000000002,40.42772,1228.998915439797,4.32746096985844
142,143,Undirected,0.004132231404958678,7,#EE7518,242,-3.6914800000000003,40.43825,-3.69925,40.43838,659.4064476980724,2.7248200318102165
229,228,Undirected,0.003154574132492113,12,#A49800,317,-3.7182,40.32423,-3.70985,40.31862,944.3011327058448,2.9788679265168607
135,136,Undirected,0.0038167938931297713,7,#EE7518,262,-3.6333,40.42842,-3.64106,40.430209999999995,687.8330839588634,2.625317114346807
289,290,Undirected,0.002202643171806168,7,#EE7518,454,-3.5479199999999995,40.42514,-3.5354099999999997,40.424409999999995,1064.7185503502337,2.3451950448243033
215,216,Undirected,0.0030120481927710845,12,#A49800,332,-3.86489,40.32168,-3.87471,40.316520000000004,1012.3920954883689,3.0493737815914725
163,162,Undirected,0.003154574132492113,9,#A60084,317,-3.6958800000000003,40.469440000000006,-3.70316,40.476890000000004,1032.236753465952,3.2562673610913313
71,158,Undirected,0.002873563218390805,8,#EC82B1,348,-3.6383199999999998,40.469429999999996,-3.6162,40.46389,1974.282181864023,5.673224660528802
286,287,Undirected,0.001644736842105263,7,#EE7518,608,-3.60015,40.43339,-3.5691900000000003,40.4225,2892.1557185749566,4.756835063445652
182,183,Undirected,0.001524390243902439,9,#A60084,656,-3.5959800000000004,40.40132,-3.54728,40.36677,5640.865434135035,8.598880234961943
148,149,Undirected,0.003636363636363637,7,#EE7518,275,-3.7159699999999996,40.46482,-3.71769,40.47022,617.1232942193568,2.2440847062522065
77,78,Undirected,0.004048582995951417,5,#8FD400,247,-3.63816,40.43805,-3.6428199999999995,40.43569,474.34987111242316,1.9204448223175026
181,182,Undirected,0.003759398496240601,9,#A60084,266,-3.60239,40.40381,-3.5959800000000004,40.40132,610.3649751756359,2.2946051698332175
30,31,Undirected,0.0047393364928909965,2,#ED1C24,211,-3.67591,40.42455,-3.6801199999999996,40.422940000000004,399.5097801311634,1.8934112802424805
32,33,Undirected,0.003861003861003861,2,#ED1C24,259,-3.68624,40.42031,-3.6949699999999996,40.41922,750.7248743585376,2.898551638449952
288,289,Undirected,0.002409638554216868,7,#EE7518,415,-3.5611900000000003,40.42374,-3.5479199999999995,40.42514,1136.8091250496132,2.739299096505092
173,114,Undirected,0.0033783783783783786,9,#A60084,296,-3.67858,40.41839,-3.66951,40.41507,853.5181938803576,2.883507411757965
119,64,Directed,0.003745318352059925,6,#98989B,267,-3.6840599999999997,40.44379,-3.6766400000000004,40.43803,897.443466753247,3.361211485967217
64,119,Directed,0.0035460992907801413,6,#98989B,282,-3.6766400000000004,40.43803,-3.6840599999999997,40.44379,897.443466753247,3.182423640968961
149,150,Undirected,0.004048582995951417,7,#EE7518,247,-3.71769,40.47022,-3.71582,40.47592,652.5121800573711,2.641749716831462
108,207,Undirected,0.0031645569620253164,11,#009B3A,316,-3.7183699999999997,40.3846,-3.7279,40.380829999999996,911.1104278179539,2.8832608475251704
109,108,Directed,0.0036101083032490976,6,#98989B,277,-3.7069,40.3871,-3.7183699999999997,40.3846,1012.7234337963356,3.6560412772430886
108,109,Directed,0.003424657534246575,6,#98989B,292,-3.7183699999999997,40.3846,-3.7069,40.3871,1012.7234337963356,3.4682309376586837
277,278,Undirected,0.00353356890459364,10,#005AA9,283,-3.6627699999999996,40.51553,-3.6585900000000002,40.5276,1386.3251900643415,4.8986755832662245
216,217,Undirected,0.0026666666666666666,12,#A49800,375,-3.87471,40.316520000000004,-3.8640199999999996,40.30903,1231.8352658496508,3.2848940422657353
230,231,Undirected,0.0026954177897574125,12,#A49800,371,-3.7296300000000002,40.32907,-3.7401800000000005,40.33664,1228.9491741357813,3.312531466673265
95,96,Undirected,0.0037878787878787884,5,#8FD400,264,-3.7236,40.39335,-3.7313199999999997,40.388459999999995,851.1642083202354,3.2241068496978613
275,274,Undirected,0.004048582995951417,10,#005AA9,247,-3.69575,40.50525,-3.6952,40.5012,452.1394049591394,1.8305239067171637
57,10,Undirected,0.004651162790697674,10,#005AA9,215,-3.6959400000000002,40.42772,-3.7011,40.426190000000005,469.6803639418052,2.1845598322874658
68,69,Undirected,0.003508771929824561,4,#B65518,285,-3.6561800000000004,40.45583,-3.6458199999999996,40.45945,966.3232010689816,3.390607723049058
291,290,Undirected,0.0022624434389140274,7,#EE7518,442,-3.52549,40.42295,-3.5354099999999997,40.424409999999995,857.3169997025734,1.9396312210465463
180,181,Undirected,0.004032258064516129,9,#A60084,248,-3.60886,40.40422,-3.60239,40.40381,551.1120589425564,2.2222260441232113
114,113,Directed,0.003846153846153847,6,#98989B,260,-3.66951,40.41507,-3.67041,40.40697,902.6828089383282,3.4718569574551084
113,114,Directed,0.003636363636363637,6,#98989B,275,-3.67041,40.40697,-3.66951,40.41507,902.6828089383282,3.282482941593921
97,96,Undirected,0.0036496350364963507,5,#8FD400,274,-3.73982,40.38885,-3.7313199999999997,40.388459999999995,723.0140140879943,2.63873727769341
65,64,Undirected,0.0036101083032490976,4,#B65518,277,-3.6748199999999995,40.44419,-3.6766400000000004,40.43803,701.2375996203074,2.531543680939738
9,8,Undirected,0.003278688524590164,1,#2DBEF0,305,-3.7021800000000002,40.42906,-3.69898,40.43492,705.0918534956969,2.3117765688383507
227,226,Undirected,0.0028490028490028487,12,#A49800,351,-3.72224,40.3118,-3.73403,40.30993,1023.4979955006058,2.915948705129931
6,120,Directed,0.00398406374501992,6,#98989B,251,-3.7039699999999995,40.44697,-3.6924099999999997,40.44662,981.4588952202315,3.910194801674229
120,6,Directed,0.003759398496240601,6,#98989B,266,-3.6924099999999997,40.44662,-3.7039699999999995,40.44697,981.4588952202315,3.6896950948129006
122,6,Directed,0.004016064257028112,6,#98989B,249,-3.7122900000000003,40.44637,-3.7039699999999995,40.44697,708.9635519535087,2.8472431805361795
6,122,Directed,0.0037878787878787884,6,#98989B,264,-3.7039699999999995,40.44697,-3.7122900000000003,40.44637,708.9635519535087,2.6854679998238966
210,211,Undirected,0.002881844380403458,12,#A49800,347,-3.8212,40.34969,-3.83178,40.35008,899.8815530732983,2.593318596753021
51,52,Undirected,0.004651162790697674,3,#FFD000,215,-3.7134099999999997,40.42709,-3.71596,40.430659999999996,451.6349629486188,2.1006277346447386
104,130,Directed,0.004132231404958678,6,#98989B,242,-3.7442900000000003,40.399229999999996,-3.74534,40.4051,657.8850548102416,2.7185332843398413
130,104,Directed,0.0038910505836575885,6,#98989B,257,-3.74534,40.4051,-3.7442900000000003,40.399229999999996,657.8850548102416,2.5598640264989947
71,258,Undirected,0.0040650406504065045,8,#EC82B1,246,-3.6383199999999998,40.469429999999996,-3.6486699999999996,40.468,892.001534541467,3.6260224981360447
62,63,Undirected,0.004149377593360996,4,#B65518,241,-3.67541,40.42917,-3.67495,40.43468,613.0903933294205,2.5439435407859774
227,228,Undirected,0.002652519893899204,12,#A49800,377,-3.72224,40.3118,-3.70985,40.31862,1297.1592898387778,3.440740821853522
25,26,Undirected,0.0036496350364963507,1,#2DBEF0,274,-3.6247199999999995,40.38216,-3.6213,40.3796,406.3871573749443,1.4831648079377528
200,199,Undirected,0.002710027100271003,10,#005AA9,369,-3.75311,40.40786,-3.7356300000000005,40.41641,1761.4395272626482,4.77354885437032
188,261,Undirected,0.003759398496240601,10,#005AA9,266,-3.68585,40.48041,-3.6825900000000003,40.47203,970.7404885961896,3.649400333068382
229,230,Undirected,0.0028901734104046237,12,#A49800,346,-3.7182,40.32423,-3.7296300000000002,40.32907,1110.1479696344709,3.208520143452228
128,127,Directed,0.0033003300330033004,6,#98989B,303,-3.72724,40.4139,-3.7203199999999996,40.42107,989.3585444411265,3.26520971762748
127,128,Directed,0.0031446540880503146,6,#98989B,318,-3.7203199999999996,40.42107,-3.72724,40.4139,989.3585444411265,3.111190391324297
179,178,Undirected,0.002717391304347826,9,#A60084,368,-3.6215599999999997,40.40005,-3.6351199999999997,40.40051,1152.2838286734238,3.131206056177782
79,80,Undirected,0.003690036900369004,5,#8FD400,271,-3.64736,40.43358,-3.6575699999999998,40.43189,886.4349544762656,3.270977691794338
267,268,Undirected,0.0036231884057971015,3,#FFD000,276,-3.6978800000000005,40.38409,-3.69585,40.375029999999995,1020.702334063564,3.698196862549145
52,53,Undirected,0.004878048780487805,6,#98989B,205,-3.71596,40.430659999999996,-3.71945,40.43502,567.533392929798,2.768455575267307
37,50,Undirected,0.004901960784313725,2,#ED1C24,204,-3.70796,40.42132,-3.7074199999999995,40.42484,393.5478322180161,1.9291560402843926
324,323,Undirected,0.0033783783783783786,2,#ED1C24,296,-3.61206,40.42239,-3.62351,40.41829,1073.1030796917057,3.6253482422017087
208,254,Undirected,0.0035971223021582736,11,#009B3A,278,-3.7341699999999998,40.37587,-3.7391,40.3736,488.70323691285296,1.7579253126361618
46,47,Undirected,0.004672897196261682,3,#FFD000,214,-3.7026800000000004,40.40513,-3.7009,40.40851,404.5954732782688,1.8906330527021906
59,58,Undirected,0.004347826086956522,4,#B65518,230,-3.68663,40.42543,-3.69101,40.42542,371.6952825587756,1.61606644590772
1,163,Undirected,0.0033783783783783786,9,#A60084,296,-3.68917,40.4669,-3.6958800000000003,40.469440000000006,635.1239731285812,2.145689098407369
123,122,Directed,0.00423728813559322,6,#98989B,236,-3.7194300000000005,40.44644,-3.7122900000000003,40.44637,605.7730971768613,2.566835157529073
122,123,Directed,0.00398406374501992,6,#98989B,251,-3.7122900000000003,40.44637,-3.7194300000000005,40.44644,605.7730971768613,2.413438634170762
113,18,Directed,0.004032258064516129,6,#98989B,248,-3.67041,40.40697,-3.6751400000000003,40.40126,750.4944375673125,3.0261872482552925
18,113,Directed,0.0038022813688212928,6,#98989B,263,-3.6751400000000003,40.40126,-3.67041,40.40697,750.4944375673125,2.8535910173662073
208,207,Undirected,0.0033003300330033004,11,#009B3A,303,-3.7341699999999998,40.37587,-3.7279,40.380829999999996,766.0621203841409,2.52825782304997
233,232,Undirected,0.0027777777777777783,12,#A49800,360,-3.7594199999999995,40.3266,-3.7526599999999997,40.33475,1071.9188652992827,2.9775524036091188
175,114,Undirected,0.003424657534246575,9,#A60084,292,-3.6617900000000003,40.41147,-3.66951,40.41507,767.5637709702725,2.6286430512680563
205,236,Undirected,0.003154574132492113,12,#A49800,317,-3.8121099999999997,40.345240000000004,-3.77587,40.33616,3240.105572619991,10.221153225930571
83,63,Undirected,0.0037735849056603774,5,#8FD400,265,-3.68258,40.43278,-3.67495,40.43468,680.9245218805484,2.5695264976624466
43,109,Directed,0.0035587188612099642,6,#98989B,281,-3.6951099999999997,40.39116,-3.7069,40.3871,1097.8890719184337,3.907078547752433
109,43,Directed,0.0033783783783783786,6,#98989B,296,-3.7069,40.3871,-3.6951099999999997,40.39116,1097.8890719184337,3.709084702427141
280,281,Undirected,0.0034965034965034965,10,#005AA9,286,-3.6373800000000003,40.54102,-3.6468800000000003,40.55048,1323.3063809763917,4.626945388029341
150,151,Undirected,0.004291845493562232,7,#EE7518,233,-3.71582,40.47592,-3.7184,40.4801,513.1362198594289,2.2023013727872485
288,287,Undirected,0.0026666666666666666,7,#EE7518,375,-3.5611900000000003,40.42374,-3.5691900000000003,40.4225,692.7379130337654,1.8473011014233744
132,133,Undirected,0.0036630036630036634,7,#EE7518,273,-3.60788,40.432990000000004,-3.6154699999999997,40.42799,850.3321733366736,3.114769865702101
64,63,Undirected,0.004291845493562232,6,#98989B,233,-3.6766400000000004,40.43803,-3.67495,40.43468,398.67423626663435,1.7110482243203191
205,204,Undirected,0.004291845493562232,10,#005AA9,233,-3.8121099999999997,40.345240000000004,-3.8072,40.34985,660.3458067195761,2.8341021747621293
22,23,Undirected,0.0033670033670033673,1,#2DBEF0,297,-3.6539099999999998,40.39156,-3.6452199999999997,40.38977,764.1305726483873,2.572830210937331
111,259,Directed,0.0039215686274509795,6,#98989B,255,-3.67814,40.395379999999996,-3.6886400000000004,40.3931,926.7119932222546,3.6341646793029594
259,111,Directed,0.003703703703703704,6,#98989B,270,-3.6886400000000004,40.3931,-3.67814,40.395379999999996,926.7119932222546,3.432266641563906
46,45,Undirected,0.0038759689922480615,3,#FFD000,258,-3.7026800000000004,40.40513,-3.69423,40.40307,752.8971243004431,2.9182059081412524
7,8,Undirected,0.0032258064516129032,1,#2DBEF0,310,-3.7013300000000005,40.44198,-3.69898,40.43492,808.9218264062688,2.609425246471835
169,64,Undirected,0.003636363636363637,9,#A60084,275,-3.67821,40.44427,-3.6766400000000004,40.43803,705.5959642533362,2.565803506375768
71,70,Undirected,0.003968253968253968,4,#B65518,252,-3.6383199999999998,40.469429999999996,-3.6356,40.463809999999995,665.3357773793958,2.6402213388071263
156,168,Undirected,0.0036231884057971015,9,#A60084,276,-3.6768199999999998,40.456340000000004,-3.6773800000000003,40.45145,545.0758903019018,1.9749126460213835
324,325,Undirected,0.0033783783783783786,2,#ED1C24,296,-3.61206,40.42239,-3.60331,40.42375,757.7655091369322,2.5600186119490953
200,103,Undirected,0.0038759689922480615,10,#005AA9,258,-3.75311,40.40786,-3.7610099999999997,40.403240000000004,844.330889188447,3.272600345691655
9,39,Undirected,0.004694835680751174,4,#B65518,213,-3.7021800000000002,40.42906,-3.70557,40.430009999999996,306.395820330725,1.4384780297217135
259,43,Directed,0.0041841004184100415,6,#98989B,239,-3.6886400000000004,40.3931,-3.6951099999999997,40.39116,590.0545942022569,2.4688476744864305
43,259,Directed,0.003937007874015748,6,#98989B,254,-3.6951099999999997,40.39116,-3.6886400000000004,40.3931,590.0545942022569,2.3230495834734524
140,64,Undirected,0.00390625,7,#EE7518,256,-3.67215,40.43934,-3.6766400000000004,40.43803,407.7819237878068,1.5928981397961204
71,72,Undirected,0.0043859649122807015,4,#B65518,228,-3.6383199999999998,40.469429999999996,-3.6395800000000005,40.474470000000004,569.7692513715755,2.498987944612173
120,156,Undirected,0.0030959752321981426,8,#EC82B1,323,-3.6924099999999997,40.44662,-3.6768199999999998,40.456340000000004,1707.0246950989083,5.284906176776806
177,178,Undirected,0.003289473684210526,9,#A60084,304,-3.64181,40.40522,-3.6351199999999997,40.40051,772.052307610241,2.539645748717898
188,187,Undirected,0.0031645569620253164,10,#005AA9,316,-3.68585,40.48041,-3.6928300000000003,40.495090000000005,1734.2211074697195,5.488041479334555
1,261,Undirected,0.00398406374501992,10,#005AA9,251,-3.68917,40.4669,-3.6825900000000003,40.47203,797.4316661136683,3.177018590094296
49,12,Undirected,0.0047169811320754715,3,#FFD000,212,-3.70566,40.42014,-3.7032599999999998,40.41688,415.37023509489273,1.959293561768362
19,18,Undirected,0.003278688524590164,1,#2DBEF0,305,-3.66906,40.39819,-3.6751400000000003,40.40126,618.5695847024529,2.0280969990244357
77,76,Undirected,0.0032573289902280127,5,#8FD400,307,-3.63816,40.43805,-3.62684,40.44085,1009.5066800612854,3.2882953747924604
11,10,Undirected,0.0033003300330033004,1,#2DBEF0,303,-3.7018,40.42001,-3.7011,40.426190000000005,688.810765416489,2.2733028561600297
232,231,Undirected,0.0030120481927710845,12,#A49800,332,-3.7526599999999997,40.33475,-3.7401800000000005,40.33664,1081.0451566239146,3.256160110312996
265,264,Undirected,0.002958579881656805,4,#B65518,338,-3.6629,40.47687,-3.65257,40.47537,891.6571810640997,2.6380389972310643
156,258,Undirected,0.0024875621890547268,8,#EC82B1,402,-3.6768199999999998,40.456340000000004,-3.6486699999999996,40.468,2716.031915823347,6.756298298068027
36,12,Undirected,0.004524886877828055,2,#ED1C24,221,-3.7094199999999997,40.41809,-3.7032599999999998,40.41688,539.7980563480139,2.442525141846217
138,78,Undirected,0.003508771929824561,7,#EE7518,285,-3.6519999999999997,40.4391,-3.6428199999999995,40.43569,866.0555067527259,3.038791251763951
1,2,Undirected,0.003636363636363637,1,#2DBEF0,275,-3.68917,40.4669,-3.69506,40.464420000000004,570.4169090953578,2.0742433058013012
326,345,Undirected,0.0026595744680851068,9,#A60084,376,-3.71634,40.4911,-3.70908,40.49965,1131.4588739596684,3.0091991328714585
15,14,Undirected,0.003322259136212625,1,#2DBEF0,301,-3.6924900000000003,40.40885,-3.6993699999999996,40.412459999999996,708.3209918593284,2.3532258865758418
102,103,Undirected,0.002915451895043732,5,#8FD400,343,-3.76813,40.39481,-3.7610099999999997,40.403240000000004,1114.2794168619055,3.248628037498267
29,115,Directed,0.004310344827586207,6,#98989B,232,-3.66926,40.4279,-3.6686,40.42289,559.136782063733,2.410072336481608
115,29,Directed,0.004048582995951417,6,#98989B,247,-3.6686,40.42289,-3.66926,40.4279,559.136782063733,2.2637116682742224
283,282,Undirected,0.0035211267605633804,10,#005AA9,284,-3.6234,40.55037,-3.63513,40.55442,1090.598632732225,3.840136030747271
9,57,Undirected,0.004545454545454545,4,#B65518,220,-3.7021800000000002,40.42906,-3.6959400000000002,40.42772,550.0223274580708,2.500101488445776
84,57,Undirected,0.003690036900369004,5,#8FD400,271,-3.68954,40.43316,-3.6959400000000002,40.42772,812.3014929390439,2.997422483169904
133,134,Undirected,0.003703703703703704,7,#EE7518,270,-3.6154699999999997,40.42799,-3.62572,40.42799,869.7979262502062,3.2214738009266894
93,92,Undirected,0.0040650406504065045,5,#8FD400,246,-3.71138,40.4026,-3.70664,40.40387,426.3732167838963,1.7332244584711232
28,29,Undirected,0.0041666666666666675,2,#ED1C24,240,-3.6636599999999997,40.43088,-3.66926,40.4279,579.0613153604081,2.412755480668367
100,99,Undirected,0.003289473684210526,5,#8FD400,304,-3.7608,40.38563,-3.75121,40.38439,825.8684173274627,2.716672425419285
98,99,Undirected,0.003968253968253968,5,#8FD400,252,-3.7448699999999997,40.38783,-3.75121,40.38439,660.088866896215,2.6194002654611706
236,235,Undirected,0.002976190476190476,12,#A49800,336,-3.77587,40.33616,-3.7715400000000003,40.328990000000005,877.0795497050204,2.610355802693513
175,176,Undirected,0.0033444816053511705,9,#A60084,299,-3.6617900000000003,40.41147,-3.6527300000000005,40.41024,781.0464459203499,2.612195471305518
215,214,Undirected,0.0032679738562091504,12,#A49800,306,-3.86489,40.32168,-3.86354,40.3285,765.9407532358609,2.503074356979938
252,253,Undirected,0.0036231884057971015,5,#8FD400,276,-3.5875199999999996,40.45779,-3.59401,40.45347,730.1884091144955,2.6456101779510703
158,159,Undirected,0.002032520325203252,8,#EC82B1,492,-3.6162,40.46389,-3.56954,40.46864,3992.2417349709413,8.114312469453132
203,204,Undirected,0.001869158878504673,10,#005AA9,535,-3.79152,40.37771,-3.8072,40.34985,3368.1285672663084,6.2955674154510435
265,263,Undirected,0.004219409282700422,4,#B65518,237,-3.6629,40.47687,-3.6668,40.480140000000006,491.13506555819964,2.072299854675948
44,43,Undirected,0.0038910505836575885,3,#FFD000,257,-3.6942,40.3999,-3.6951099999999997,40.39116,973.5794493045918,3.7882468844536645
39,52,Undirected,0.00353356890459364,4,#B65518,283,-3.70557,40.430009999999996,-3.71596,40.430659999999996,884.5970328506447,3.1257845683768366
127,199,Undirected,0.00303951367781155,10,#005AA9,329,-3.7203199999999996,40.42107,-3.7356300000000005,40.41641,1398.6056389788475,4.2510809695405705
74,253,Undirected,0.002652519893899204,5,#8FD400,377,-3.60816,40.44942,-3.59401,40.45347,1281.8115211790787,3.4000305601567073
221,222,Undirected,0.002824858757062147,12,#A49800,354,-3.79891,40.28268,-3.7869699999999997,40.286840000000005,1115.4916317174057,3.1511063042864564
176,177,Undirected,0.003401360544217687,9,#A60084,294,-3.6527300000000005,40.41024,-3.64181,40.40522,1081.634370513954,3.679028471135898
217,218,Undirected,0.0020242914979757085,12,#A49800,494,-3.8640199999999996,40.30903,-3.83768,40.29681,2618.338612382126,5.300280591866652
95,94,Undirected,0.003584229390681004,5,#8FD400,279,-3.7236,40.39335,-3.71596,40.39736,786.7628698569313,2.8199386016377463
47,12,Undirected,0.0035211267605633804,3,#FFD000,284,-3.7009,40.40851,-3.7032599999999998,40.41688,950.766970971149,3.3477710245462995
101,100,Undirected,0.0037735849056603774,5,#8FD400,265,-3.76535,40.390570000000004,-3.7608,40.38563,670.9384510029109,2.5318432113317395
120,192,Undirected,0.004132231404958678,10,#005AA9,242,-3.6924099999999997,40.44662,-3.69038,40.45159,578.128808392977,2.3889620181527977
90,91,Undirected,0.003952569169960474,5,#8FD400,253,-3.70816,40.41128,-3.71105,40.40704,530.893748778133,2.09839426394519
115,114,Directed,0.003968253968253968,6,#98989B,252,-3.6686,40.42289,-3.66951,40.41507,871.7815877790805,3.4594507451550816
114,115,Directed,0.003745318352059925,6,#98989B,267,-3.66951,40.41507,-3.6686,40.42289,871.7815877790805,3.2650995796969307
147,122,Undirected,0.0032679738562091504,7,#EE7518,306,-3.71239,40.45648,-3.7122900000000003,40.44637,1122.680013640056,3.668888933464235
272,273,Undirected,0.002512562814070352,3,#FFD000,398,-3.6931800000000004,40.34154,-3.71199,40.341229999999996,1598.6014972942708,4.016586676618771
120,119,Directed,0.0036101083032490976,6,#98989B,277,-3.6924099999999997,40.44662,-3.6840599999999997,40.44379,774.9617851338514,2.79769597521246
119,120,Directed,0.003424657534246575,6,#98989B,292,-3.6840599999999997,40.44379,-3.6924099999999997,40.44662,774.9617851338514,2.65397871621182
162,161,Undirected,0.003246753246753247,9,#A60084,308,-3.70316,40.476890000000004,-3.7075099999999996,40.48466,938.3439933064371,3.0465714068390817
300,183,Undirected,0.0019157088122605363,9,#A60084,522,-3.5247900000000003,40.34134,-3.54728,40.36677,3409.393650716707,6.531405461143117
140,139,Undirected,0.003937007874015748,7,#EE7518,254,-3.67215,40.43934,-3.6629699999999996,40.43945,778.963680976648,3.066786145577354
21,22,Undirected,0.0035460992907801413,1,#2DBEF0,282,-3.6586800000000004,40.39266,-3.6539099999999998,40.39156,423.00834002549215,1.5000295745584828
185,184,Undirected,0.0017452006980802793,9,#A60084,573,-3.47745,40.31902,-3.5206,40.32837,3811.4197174857295,6.651692351633036
285,160,Undirected,0.002958579881656805,8,#EC82B1,338,-3.59325,40.49177,-3.58253,40.475770000000004,1995.7020034808977,5.904443797280763
1,261,Undirected,0.00398406374501992,1,#2DBEF0,251,-3.68917,40.4669,-3.6825900000000003,40.47203,797.4316661136683,3.177018590094296
36,37,Undirected,0.004694835680751174,2,#ED1C24,213,-3.7094199999999997,40.41809,-3.70796,40.42132,379.4680248671958,1.7815400228506846
323,322,Undirected,0.003194888178913738,2,#ED1C24,313,-3.62351,40.41829,-3.6391400000000003,40.42361,1452.072936643036,4.6392106602013925
160,159,Undirected,0.003472222222222222,8,#EC82B1,288,-3.58253,40.475770000000004,-3.56954,40.46864,1356.59505461582,4.710399495193819
279,278,Undirected,0.0028653295128939827,10,#005AA9,349,-3.63556,40.53196,-3.6585900000000002,40.5276,2010.5041110920374,5.760756765306698
219,218,Undirected,0.002272727272727273,12,#A49800,440,-3.81642,40.285759999999996,-3.83768,40.29681,2184.816776680154,4.965492674273077
53,124,Directed,0.003058103975535168,6,#98989B,327,-3.71945,40.43502,-3.72678,40.44356,1134.0444818510532,3.468025938382426
124,53,Directed,0.0029239766081871343,6,#98989B,342,-3.72678,40.44356,-3.71945,40.43502,1134.0444818510532,3.3159195375761787
127,52,Directed,0.0030211480362537764,6,#98989B,331,-3.7203199999999996,40.42107,-3.71596,40.430659999999996,1127.3460335039704,3.4058792552990043
52,127,Directed,0.0028901734104046237,6,#98989B,346,-3.71596,40.430659999999996,-3.7203199999999996,40.42107,1127.3460335039704,3.258225530358296
9,10,Undirected,0.0037174721189591076,1,#2DBEF0,269,-3.7021800000000002,40.42906,-3.7011,40.426190000000005,331.60895586586975,1.232747047828512
102,101,Undirected,0.004310344827586207,5,#8FD400,232,-3.76813,40.39481,-3.76535,40.390570000000004,526.6690827509943,2.2701253566853206
136,78,Undirected,0.003937007874015748,7,#EE7518,254,-3.64106,40.430209999999995,-3.6428199999999995,40.43569,626.5727322319958,2.4668217804409283
271,272,Undirected,0.0033783783783783786,3,#FFD000,296,-3.69265,40.35089,-3.6931800000000004,40.34154,1039.212116055768,3.510851743431649
145,122,Undirected,0.0028901734104046237,7,#EE7518,346,-3.7137300000000004,40.43907,-3.7122900000000003,40.44637,819.7695066104775,2.36927603066612
49,11,Undirected,0.004651162790697674,5,#8FD400,215,-3.70566,40.42014,-3.7018,40.42001,327.90946764317454,1.5251603146194164
51,197,Undirected,0.004784688995215311,3,#FFD000,209,-3.7134099999999997,40.42709,-3.7112,40.42342,448.61042102696206,2.1464613446266125
257,202,Undirected,0.0027027027027027033,10,#005AA9,370,-3.7839199999999997,40.38364,-3.7746199999999996,40.39698,1678.6185508123128,4.536806894087332
295,294,Undirected,0.0035460992907801413,1,#2DBEF0,282,-3.5931599999999997,40.36007,-3.59953,40.36323,644.8957755886524,2.28686445244203
59,60,Undirected,0.004784688995215311,4,#B65518,209,-3.68663,40.42543,-3.6829199999999997,40.42503,317.9550279292199,1.5213159231063154
281,282,Undirected,0.003690036900369004,10,#005AA9,271,-3.6468800000000003,40.55048,-3.63513,40.55442,1087.1683834022158,4.011691451668693
25,24,Undirected,0.0024875621890547268,1,#2DBEF0,402,-3.6247199999999995,40.38216,-3.63951,40.38732,1380.392234432819,3.433811528439848
21,20,Undirected,0.003508771929824561,1,#2DBEF0,285,-3.6586800000000004,40.39266,-3.66414,40.395540000000004,563.1695865299067,1.976033636947041
152,154,Undirected,0.0030959752321981426,7,#EE7518,323,-3.72305,40.48502,-3.72589,40.49511,1146.0134308448019,3.548029197661925
23,24,Undirected,0.0034129692832764505,1,#2DBEF0,293,-3.6452199999999997,40.38977,-3.63951,40.38732,555.9382000876121,1.8974000002990175
300,184,Undirected,0.0024509803921568627,9,#A60084,408,-3.5247900000000003,40.34134,-3.5206,40.32837,1483.560904367819,3.636178687176027
91,92,Undirected,0.003355704697986577,5,#8FD400,298,-3.71105,40.40704,-3.70664,40.40387,513.8532836729603,1.7243398780971821
135,134,Undirected,0.003759398496240601,7,#EE7518,266,-3.6333,40.42842,-3.62572,40.42799,644.9939448621454,2.424789266399043
73,264,Undirected,0.0036764705882352936,4,#B65518,272,-3.6452400000000003,40.477109999999996,-3.65257,40.47537,650.9054256132554,2.3930346529899094
267,43,Undirected,0.0036496350364963507,3,#FFD000,274,-3.6978800000000005,40.38409,-3.6951099999999997,40.39116,819.5420867083317,2.991029513534057
130,129,Directed,0.0036496350364963507,6,#98989B,274,-3.74534,40.4051,-3.73894,40.409929999999996,763.4033299077959,2.786143539809474
129,130,Directed,0.0034602076124567475,6,#98989B,289,-3.73894,40.409929999999996,-3.74534,40.4051,763.4033299077959,2.641534013521785
142,120,Undirected,0.004016064257028112,10,#005AA9,249,-3.6914800000000003,40.43825,-3.6924099999999997,40.44662,932.7741774912893,3.746081034101563
233,234,Undirected,0.003134796238244514,12,#A49800,319,-3.7594199999999995,40.3266,-3.7679699999999996,40.32177,903.1454478770524,2.831176952592641
3,4,Undirected,0.0031847133757961785,1,#2DBEF0,314,-3.69825,40.46055,-3.7030199999999995,40.45429,804.3057379987941,2.561483242034376
145,41,Undirected,0.003861003861003861,7,#EE7518,259,-3.7137300000000004,40.43907,-3.70433,40.43841,800.9015929160207,3.0922841425328986
30,60,Undirected,0.004366812227074236,4,#B65518,229,-3.67591,40.42455,-3.6829199999999997,40.42503,597.2681549158942,2.6081578817287956
57,86,Undirected,0.0037174721189591076,5,#8FD400,269,-3.6959400000000002,40.42772,-3.6976199999999997,40.42293,550.6704272185699,2.0471019599203344
1,165,Undirected,0.0038167938931297713,9,#A60084,262,-3.68917,40.4669,-3.6791699999999996,40.46763,851.9547339734011,3.251735625852676
127,36,Undirected,0.0034965034965034965,R,#FFFFFF,286,-3.7203199999999996,40.42107,-3.7094199999999997,40.41809,982.4744552559129,3.4352253680276674
31,83,Undirected,0.0034602076124567475,9,#A60084,289,-3.6801199999999996,40.422940000000004,-3.68258,40.43278,1112.4240053213898,3.8492180114926984
11,12,Undirected,0.004081632653061225,1,#2DBEF0,245,-3.7018,40.42001,-3.7032599999999998,40.41688,368.9909411373793,1.5060854740301197
107,96,Directed,0.0021598272138228947,6,#98989B,463,-3.7231300000000003,40.3869,-3.7313199999999997,40.388459999999995,716.65512092958,1.547851233109244
96,107,Directed,0.0020920502092050207,6,#98989B,478,-3.7313199999999997,40.388459999999995,-3.7231300000000003,40.3869,716.65512092958,1.4992784956685774
105,104,Directed,0.0027624309392265192,6,#98989B,362,-3.74099,40.3927,-3.7442900000000003,40.399229999999996,777.3487983071068,2.1473723710141073
104,105,Directed,0.002652519893899204,6,#98989B,377,-3.7442900000000003,40.399229999999996,-3.74099,40.3927,777.3487983071068,2.061933152008241
